"By administrative divisions(eup, myeon, dong)",2024,2024,2024,2024,2024,2024,2024,2024,2024,2024,2024,2024,2024,2024,2024,2024,2024,2024,2024,2024
"By administrative divisions(eup, myeon, dong)",Total population (Person),Male (Person),Female (Person),Korean - total (Person),Korean - male (Person),Korean - Female (Person),Foreigner-Total (Person),Foreigner-Male (Person),Foreigner-Female (Person),Household-Total (households),Type of occupancy (households),Institutional households (households),Foreigner household (households),Housing units-Total (Housing),Detached dwelling (Housing),Apartment (Housing),Row house (Housing),Apartment unit ina private house (Housing),House within commercial building (Housing),Living quaters other than housing unit (Housing)
"Whole country",51805547,25930817,25874730,49762803,24766373,24996430,2042744,1164444,878300,22997120,22294419,19874,682827,19872674,3841487,12973943,542861,2302915,211468,1243052
"Total for eups",5207049,2692092,2514957,4928981,2511910,2417071,278068,180182,97886,2267001,2185798,3110,78093,2176913,586641,1327806,83683,147011,31772,84540
"Total for myeons",4531891,2395838,2136053,4184061,2144258,2039803,347830,251580,96250,2140956,2057129,5062,78765,2163044,1549610,467415,38756,74566,32697,116058
"Total for dongs",42066607,20842887,21223720,40649761,20110205,20539556,1416846,732682,684164,18589163,18051492,11702,525969,15532717,1705236,11178722,420422,2081338,146999,1042454
"Seoul",9335444,4491757,4843687,8968153,4326627,4641526,367291,165130,202161,4319073,4159502,2442,157129,3170332,286542,1906060,110623,839901,27206,312958
"Jongno-gu",144486,68604,75882,132177,63410,68767,12309,5194,7115,70241,64643,107,5491,47156,11556,16345,5548,12849,858,7360
"Jung-gu",126899,60550,66349,115712,55459,60253,11187,5091,6096,64816,59849,93,4874,44572,5688,28409,1871,7777,827,8447
"Yongsan-gu",203401,97246,106155,190640,90649,99991,12761,6597,6164,98398,93491,68,4839,78063,13226,39915,3998,20266,658,7342
"Seongdong-gu",274688,132827,141861,264538,128415,136123,10150,4412,5738,127631,122894,65,4672,91231,9295,68086,1998,10896,956,7618
"Gwangjin-gu",345130,164812,180318,323153,155402,167751,21977,9410,12567,169231,158609,78,10544,95631,14749,35199,4212,40082,1389,10511
"Dongdaemun-gu",355789,171604,184185,332325,162325,170000,23464,9279,14185,172439,160767,146,11526,110761,16011,72215,3378,17662,1495,16977
"Jungnang-gu",375066,182365,192701,366785,179012,187773,8281,3353,4928,176740,173326,75,3339,120876,17628,60832,4247,36690,1479,6924
"Seongbuk-gu",429210,203170,226040,413325,197143,216182,15885,6027,9858,191165,184228,224,6713,143758,20723,84332,6391,30976,1336,4281
"Gangbuk-gu",280470,133834,146636,273271,131321,141950,7199,2513,4686,134478,130929,93,3456,101800,16937,37754,4980,41131,998,3755
"Dobong-gu",296997,142662,154335,293264,141330,151934,3733,1332,2401,131159,129841,78,1240,109638,8239,65706,4235,30751,707,6131
"Nowon-gu",486446,233042,253404,479779,230358,249421,6667,2684,3983,207675,205666,99,1910,192808,6328,166952,3559,15296,673,3372
"Eunpyeong-gu",448142,211821,236321,442324,209448,232876,5818,2373,3445,200904,198916,93,1895,163763,13270,72680,5569,71042,1202,11626
"Seodaemun-gu",316345,145122,171223,299307,139691,159616,17038,5431,11607,145416,137979,104,7333,106311,11772,59575,5434,28644,886,8467
"Mapo-gu",358927,166191,192736,346727,161595,185132,12200,4596,7604,173531,167967,94,5470,129425,10538,77151,2969,37324,1443,17994
"Yangcheon-gu",417397,203140,214257,412128,200985,211143,5269,2155,3114,171027,169044,49,1934,147679,7449,93090,4027,42314,799,7146
"Gangseo-gu",543974,259852,284122,535378,256208,279170,8596,3644,4952,259211,256036,97,3078,204363,9423,119521,4818,69538,1063,35319
"Guro-gu",418832,207187,211645,375584,183672,191912,43248,23515,19733,190182,171388,88,18706,137950,11008,86464,7576,32094,808,18251
"Geumcheon-gu",243662,122912,120750,218076,109345,108731,25586,13567,12019,124012,112676,66,11270,72667,8453,33113,4034,26556,511,17594
"Yeongdeungpo-gu",400799,197205,203594,358026,174865,183161,42773,22340,20433,192656,176587,124,15945,115011,13454,81334,1668,17461,1094,34073
"Dongjak-gu",381172,183544,197628,364750,176610,188140,16422,6934,9488,181275,173615,144,7516,120989,12459,68782,5005,33746,997,4218
"Gwanak-gu",490493,244885,245608,465068,234237,230831,25425,10648,14777,277394,264148,178,13068,130987,20578,57884,6230,44409,1886,20580
"Seocho-gu",386254,183900,202354,379879,180930,198949,6375,2970,3405,160651,158384,64,2203,134566,4796,95946,5219,27470,1135,9764
"Gangnam-gu",528194,252802,275392,519616,249022,270594,8578,3780,4798,229978,226333,77,3568,192220,6045,145996,5555,33095,1529,15183
"Songpa-gu",628648,301344,327304,619013,297008,322005,9635,4336,5299,271703,267817,74,3812,222795,7555,137132,4725,71951,1432,19813
"Gangdong-gu",454023,221136,232887,447308,218187,229121,6715,2949,3766,197160,194369,64,2727,155312,9362,101647,3377,39881,1045,10212
"Busan",3257256,1587677,1669579,3189494,1549631,1639863,67762,38046,29716,1491579,1470562,829,20188,1350452,184947,943568,30360,178559,13018,109459
"Total for eups",166185,82656,83529,162877,80366,82511,3308,2290,1018,70079,69252,54,773,66646,7128,53518,1479,3877,644,3192
"Total for myeons",7043,3475,3568,6981,3446,3535,62,29,33,3367,3355,X,11,3163,1039,2040,X,18,66,156
"Total for dongs",3084028,1501546,1582482,3019636,1465819,1553817,64392,35727,28665,1418133,1397955,774,19404,1280643,176780,888010,28881,174664,12308,106111
"Jung-gu",39599,19497,20102,36575,17601,18974,3024,1896,1128,22233,21368,30,835,17241,4260,6032,700,5488,761,4118
"Seo-gu",103413,49701,53712,100164,47913,52251,3249,1788,1461,50417,49325,47,1045,45823,13000,23990,1135,7173,525,3458
"Dong-gu",85665,41301,44364,83164,40150,43014,2501,1151,1350,43272,42435,28,809,36434,13175,17029,1036,4659,535,5240
"Yeongdo-gu",106825,53482,53343,103857,51553,52304,2968,1929,1039,50488,49844,37,607,49812,13704,30577,1139,3872,520,1715
"Busanjin-gu",356874,170261,186613,353202,168710,184492,3672,1551,2121,173987,172688,66,1233,154115,19875,109960,1743,21285,1252,20683
"Dongnae-gu",265089,127425,137664,263667,126841,136826,1422,584,838,114421,113922,45,454,105460,11325,76479,2679,13794,1183,7864
"Nam-gu",260090,127056,133034,251219,122470,128749,8871,4586,4285,117843,114573,77,3193,112076,14544,70874,2977,22774,907,6402
"Buk-gu",265364,130024,135340,262456,128719,133737,2908,1305,1603,117123,116545,49,529,111482,6983,91735,2314,9777,673,2838
"Haeundae-gu",365974,175606,190368,361207,173273,187934,4767,2333,2434,161680,160164,46,1470,148481,11577,119429,2354,14266,855,15859
"Saha-gu",293036,145582,147454,286772,141669,145103,6264,3913,2351,133349,131455,74,1820,122805,16482,87791,5086,12446,1000,6623
"Geumjeong-gu",215539,104186,111353,209993,102002,107991,5546,2184,3362,101906,99693,90,2123,86959,15309,49277,3019,18112,1242,4950
"Gangseo-gu",145762,77868,67894,137624,70905,66719,8138,6963,1175,59108,57178,69,1861,49849,8690,39566,331,809,453,5754
"Yeonje-gu",207871,98780,109091,206701,98333,108368,1170,447,723,94013,93609,36,368,84650,9757,60697,1406,11954,836,6959
"Suyeong-gu",167787,78338,89449,165861,77474,88387,1926,864,1062,82362,81578,28,756,73953,9051,42287,2159,19747,709,7288
"Sasang-gu",205140,102439,102701,197174,98206,98968,7966,4233,3733,95931,93578,52,2301,81503,9048,62287,803,8508,857,6360
"Gijang-gun",173228,86131,87097,169858,83812,86046,3370,2319,1051,73446,72607,55,784,69809,8167,55558,1479,3895,710,3348
"Daegu",2369335,1164359,1204976,2324040,1140220,1183820,45295,24139,21156,1059084,1043729,662,14693,903591,145719,687156,9043,51628,10045,29333
"Total for eups",239935,121974,117961,231826,116997,114829,8109,4977,3132,99022,96685,75,2262,95833,10663,81654,649,1997,870,2749
"Total for myeons",44675,23303,21372,41939,21241,20698,2736,2062,674,20885,20225,49,611,21034,11944,8249,175,402,264,1177
"Total for dongs",2084725,1019082,1065643,2050275,1001982,1048293,34450,17100,17350,939177,926819,538,11820,786724,123112,597253,8219,49229,8911,25407
"Jung-gu",94128,45038,49090,93192,44630,48562,936,408,528,45195,44817,34,344,38298,5584,30435,356,1134,789,4601
"Dong-gu",336051,163725,172326,333506,162887,170619,2545,838,1707,154723,153872,80,771,141775,21523,103735,2216,12731,1570,4492
"Seo-gu",164110,81456,82654,160544,79413,81131,3566,2043,1523,78206,76913,60,1233,60157,20358,27276,745,10706,1072,1148
"Nam-gu",136118,64467,71651,134005,63630,70375,2113,837,1276,70565,69819,58,688,45266,17488,20911,556,5509,802,1572
"Buk-gu",422633,209441,213192,414806,205729,209077,7827,3712,4115,188378,185284,114,2980,156972,18930,128380,1761,6178,1723,4486
"Suseong-gu",398685,192287,206398,396625,191483,205142,2060,804,1256,167062,166264,50,748,148755,19332,120156,1369,6824,1074,4902
"Dalseo-gu",533000,262668,270332,517597,254210,263387,15403,8458,6945,235048,229850,142,5056,195501,19897,166360,1216,6147,1881,4206
"Dalseong-gun",263117,134437,128680,252945,127890,125055,10172,6547,3625,108867,106027,108,2732,105767,12804,89268,662,2067,966,3250
"Gunwi-gun",21493,10840,10653,20820,10348,10472,673,492,181,11040,10883,16,141,11100,9803,635,162,332,168,676
"Incheon",3058033,1532995,1525038,2930073,1462424,1467649,127960,70571,57389,1310880,1268133,1052,41695,1152762,90623,785828,31383,236402,8526,118839
"Total for eups",21087,10444,10643,20636,10201,10435,451,243,208,9309,9187,13,109,9427,3518,1194,955,3593,167,304
"Total for myeons",64414,34033,30381,62642,32631,30011,1772,1402,370,30943,30465,78,400,32021,25821,3033,874,1614,679,1730
"Total for dongs",2972532,1488518,1484014,2846795,1419592,1427203,125737,68926,56811,1270628,1228481,961,41186,1111314,61284,781601,29554,231195,7680,116805
"Jung-gu",164937,84863,80074,158634,81666,76968,6303,3197,3106,77348,75263,70,2015,62903,7790,44741,1903,7799,670,12467
"Dong-gu",57944,28988,28956,56473,28193,28280,1471,795,676,26157,25719,18,420,26410,4727,18143,439,2852,249,987
"Yeonsu-gu",417391,207871,209520,390482,193614,196868,26909,14257,12652,162651,153239,92,9320,136988,3410,125897,954,6430,297,14888
"Namdong-gu",492920,246405,246515,473657,234459,239198,19263,11946,7317,215012,209333,167,5512,190531,7380,133037,3721,45158,1235,20417
"Bupyeong-gu",504885,248443,256442,477768,234902,242866,27117,13541,13576,220039,210282,115,9642,184530,9398,126134,4602,43148,1248,24251
"Gyeyang-gu",278600,137693,140907,273233,135351,137882,5367,2342,3025,120065,118278,88,1699,113398,3379,75214,1830,32344,631,5019
"Seo-gu",634066,321792,312274,612877,308116,304761,21189,13676,7513,258059,251582,184,6293,233887,9025,170250,10361,43245,1006,17861
"Michuhol-gu",421789,212463,209326,403671,203291,200380,18118,9172,8946,191297,184785,227,6285,162667,16175,88185,5744,50219,2344,20915
"Ganghwa-gun",66309,33312,32997,64796,32284,32512,1513,1028,485,30173,29769,67,337,32810,22915,3707,1232,4330,626,1639
"Ongjin-gun",19192,11165,8027,18482,10548,7934,710,617,93,10079,9883,24,172,8638,6424,520,597,877,220,395
"Gwangju",1444171,715799,728372,1408289,696150,712139,35882,19649,16233,641029,628551,393,12085,567994,77228,464544,11612,8909,5701,22758
"Dong-gu",111289,54991,56298,108847,53647,55200,2442,1344,1098,53812,52807,54,951,44958,9942,30819,1033,2322,842,3262
"Seo-gu",278639,136908,141731,275320,135152,140168,3319,1756,1563,128435,127177,53,1205,110056,13588,92373,1481,1595,1019,6175
"Nam-gu",208707,99918,108789,206579,99065,107514,2128,853,1275,90888,90230,42,616,85690,14929,67194,1463,1256,848,1985
"Buk-gu",433089,214530,218559,426456,211340,215116,6633,3190,3443,195470,193109,103,2258,174445,22234,144492,2920,2743,2056,4833
"Gwangsan-gu",412447,209452,202995,391087,196946,194141,21360,12506,8854,172424,165228,141,7055,152845,16535,129666,4715,993,936,6503
"Daejeon",1467093,733118,733975,1435771,718738,717033,31322,14380,16942,670971,658831,558,11582,523823,74882,399124,10658,34137,5022,15256
"Dong-gu",229875,115562,114313,221767,111817,109950,8108,3745,4363,110169,106763,122,3284,84165,17192,56588,2343,6966,1076,1236
"Jung-gu",220497,107836,112661,218266,106962,111304,2231,874,1357,100593,99781,100,712,86121,16488,57310,2479,8491,1353,1316
"Seo-gu",462226,226531,235695,455371,223723,231648,6855,2808,4047,212645,209783,126,2736,156246,19229,126671,2599,6825,922,4732
"Yuseong-gu",384024,196773,187251,373979,191855,182124,10045,4918,5127,169474,165705,149,3620,130794,11492,113714,1641,3064,883,6934
"Daedeok-gu",170471,86416,84055,166388,84381,82007,4083,2035,2048,78090,76799,61,1230,66497,10481,44841,1596,8791,788,1038
"Ulsan",1106895,575564,531331,1071702,551851,519851,35193,23713,11480,473979,462342,309,11328,411508,64075,307911,8490,24338,6694,15680
"Total for eups",190602,100229,90373,181701,94426,87275,8901,5803,3098,80069,76843,58,3168,71579,11530,53836,1423,3637,1153,2570
"Total for myeons",33662,18210,15452,30898,15767,15131,2764,2443,321,15590,14995,54,541,15887,10444,3860,712,459,412,1201
"Total for dongs",882631,457125,425506,859103,441658,417445,23528,15467,8061,378320,370504,197,7619,324042,42101,250215,6355,20242,5129,11909
"Jung-gu",203766,102986,100780,201057,101786,99271,2709,1200,1509,89684,88674,37,973,73841,14245,49424,2036,6811,1325,2954
"Nam-gu",305176,156194,148982,298830,152853,145977,6346,3341,3005,136157,133777,83,2297,112629,12654,87667,2142,7870,2296,6743
"Dong-gu",158268,85698,72570,147557,77051,70506,10711,8647,2064,67172,63721,34,3417,56926,7752,43206,1363,3768,837,1313
"Buk-gu",215421,112247,103174,211659,109968,101691,3762,2279,1483,85307,84332,43,932,80646,7450,69918,814,1793,671,899
"Ulju-gun",224264,118439,105825,212599,110193,102406,11665,8246,3419,95659,91838,112,3709,87466,21974,57696,2135,4096,1565,3771
"Sejong-si",390156,195777,194379,382164,190884,191280,7992,4893,3099,161309,158901,115,2293,158283,16192,138356,1354,1664,717,3661
"Total for eups",47195,24650,22545,44759,23289,21470,2436,1361,1075,22379,21279,29,1071,17278,2819,12422,768,899,370,325
"Total for myeons",47441,26606,20835,43797,23831,19966,3644,2775,869,24056,23131,74,851,18331,12368,4749,216,651,347,1211
"Total for dongs",295520,144521,150999,293608,143764,149844,1912,757,1155,114874,114491,12,371,122674,1005,121185,370,114,X,2125
"Sejong-si",390156,195777,194379,382164,190884,191280,7992,4893,3099,161309,158901,115,2293,158283,16192,138356,1354,1664,717,3661
"Gyeonggi-do",13914479,7044388,6870091,13233278,6645322,6587956,681201,399066,282135,5827597,5592072,5285,230240,4962282,504954,3582867,138496,701579,34386,370297
"Total for eups",1481510,775891,705619,1377847,708200,669647,103663,67691,35972,617631,587355,948,29328,575930,84914,384015,24193,77328,5480,26393
"Total for myeons",775345,437865,337480,665208,352721,312487,110137,85144,24993,335161,308273,1330,25558,284623,167935,59759,9935,40348,6646,32949
"Total for dongs",11657624,5830632,5826992,11190223,5584401,5605822,467401,246231,221170,4874805,4696444,3007,175354,4101729,252105,3139093,104368,583903,22260,310955
"Suwon-si",1224979,616319,608660,1164984,586211,578773,59995,30108,29887,533566,508564,284,24718,411197,30137,308134,9731,60776,2419,31132
"Jangan-gu",280812,141278,139534,269932,135889,134043,10880,5389,5491,118686,114321,88,4277,94962,8422,64264,1811,19755,710,2210
"Gwonseon-gu",370600,186916,183684,353535,178382,175153,17065,8534,8531,161989,155236,56,6697,130264,9462,94078,2917,22983,824,6478
"Paldal-gu",208817,105434,103383,187912,94455,93457,20905,10979,9926,99485,90276,70,9139,73852,8132,47194,2373,15509,644,7246
"Yeongtong-gu",364750,182691,182059,353605,177485,176120,11145,5206,5939,153406,148731,70,4605,112119,4121,102598,2630,2529,241,15198
"Seongnam-si",900867,445311,455556,875060,433098,441962,25807,12213,13594,393786,383004,147,10635,281451,29513,205676,10924,33916,1422,35827
"Sujeong-gu",246990,124373,122617,230329,116200,114129,16661,8173,8488,116440,109006,47,7387,69364,16302,39799,1005,11721,537,5217
"Jungwon-gu",205957,103516,102441,201671,101581,100090,4286,1935,2351,94793,93112,56,1625,65938,7738,36493,972,20089,646,6523
"Bundang-gu",447920,217422,230498,443060,215317,227743,4860,2105,2755,182553,180886,44,1623,146149,5473,129384,8947,2106,239,24087
"Uijeongbu-si",456516,223735,232781,447713,219560,228153,8803,4175,4628,197569,194238,139,3192,173694,11927,135682,2856,22221,1008,8369
"Anyang-si",545800,268691,277109,534996,263514,271482,10804,5177,5627,224406,220099,102,4205,191236,8264,147234,3192,31400,1146,13568
"Manan-gu",229980,114139,115841,221647,110011,111636,8333,4128,4205,98466,95009,80,3377,77804,5751,48410,2059,20875,709,5676
"Dongan-gu",315820,154552,161268,313349,153503,159846,2471,1049,1422,125940,125090,22,828,113432,2513,98824,1133,10525,437,7892
"Bucheon-si",794082,391262,402820,749212,368953,380259,44870,22309,22561,339283,322370,229,16684,282358,16184,167724,6988,88955,2507,26539
"Wonmi-gu",401522,196424,205098,380022,185950,194072,21500,10474,11026,172501,164060,131,8310,134054,8435,89354,3304,31803,1158,19942
"Sosa-gu",240865,118258,122607,221686,108786,112900,19179,9472,9707,100466,93540,67,6859,83947,5152,55255,2059,20762,719,5568
"Ojeong-gu",151695,76580,75115,147504,74217,73287,4191,2363,1828,66316,64770,31,1515,64357,2597,23115,1625,36390,630,1029
"Gwangmyeong-si",272371,133393,138978,267562,131057,136505,4809,2336,2473,109073,107268,44,1761,96149,3316,78207,741,13469,416,5891
"Pyeongtaek-si",615755,325497,290258,576601,302938,273663,39154,22559,16595,273333,260328,237,12768,256250,33880,181978,7494,30815,2083,8673
"Dongducheon-si",89466,44744,44722,84461,42005,42456,5005,2739,2266,40125,38765,74,1286,39509,6410,22638,2594,7506,361,1163
"Ansan-si",701551,363576,337975,607938,310994,296944,93613,52582,41031,305073,267949,376,36748,229490,15292,120996,8593,83228,1381,16078
"Sangnok-gu",348328,177856,170472,320896,163835,157061,27432,14021,13411,152105,141317,144,10644,116521,7427,48805,1205,58351,733,3562
"Danwon-gu",353223,185720,167503,287042,147159,139883,66181,38561,27620,152968,126632,232,26104,112969,7865,72191,7388,24877,648,12516
"Goyang-si",1044968,509013,535955,1025352,499085,526267,19616,9928,9688,436591,430075,325,6191,356130,21224,282766,12575,37939,1626,48745
"Deogyang-gu",482446,236705,245741,474778,233108,241670,7668,3597,4071,206998,204590,131,2277,174023,10066,132672,6185,24232,868,18923
"Ilsandong-gu",288578,139911,148667,282038,136273,145765,6540,3638,2902,121124,118943,138,2043,86766,7533,65798,4126,8865,444,22448
"Ilsanseo-gu",273944,132397,141547,268536,129704,138832,5408,2693,2715,108469,106542,56,1871,95341,3625,84296,2264,4842,314,7374
"Gwacheon-si",81213,39761,41452,80758,39570,41188,455,191,264,29296,29182,11,103,24477,1554,20334,185,2310,94,1167
"Guri-si",182102,89902,92200,180002,88970,91032,2100,932,1168,75762,75031,29,702,60588,4310,48583,2056,5217,422,4286
"Namyangju-si",718385,355844,362541,706553,349073,357480,11832,6771,5061,283577,280404,267,2906,266326,17188,208683,12227,26634,1594,11591
"Osan-si",254071,132356,121715,235372,122561,112811,18699,9795,8904,111861,103897,82,7882,94274,5277,77726,1803,8865,603,4098
"Siheung-si",571982,302144,269838,506716,263960,242756,65266,38184,27082,242184,214491,206,27487,195742,7541,158113,1812,26975,1301,15599
"Gunpo-si",258110,127967,130143,248199,122983,125216,9911,4984,4927,109230,105395,74,3761,92260,3499,74910,1245,12165,441,5635
"Uiwang-si",151306,74874,76432,149731,74125,75606,1575,749,826,59627,59181,39,407,58832,2318,48339,775,7174,226,1833
"Hanam-si",320872,159390,161482,317055,157520,159535,3817,1870,1947,132818,131561,40,1217,101571,5994,91108,1428,2387,654,20568
"Yongin-si",1077481,536595,540886,1048779,520392,528387,28702,16203,12499,422581,413755,352,8474,376340,32072,293749,11792,36945,1782,18433
"Cheoin-gu",286273,148694,137579,270133,138326,131807,16140,10368,5772,118458,113692,198,4568,105514,20201,52447,6190,25400,1276,5540
"Giheung-gu",429488,211645,217843,421736,207871,213865,7752,3774,3978,167820,165282,106,2432,148823,7741,128382,3722,8651,327,6368
"Suji-gu",361720,176256,185464,356910,174195,182715,4810,2061,2749,136303,134781,48,1474,122003,4130,112920,1880,2894,179,6525
"Paju-si",510689,262068,248621,491221,248386,242835,19468,13682,5786,206173,201200,280,4693,192440,26181,140256,4004,20675,1324,10118
"Icheon-si",230189,121327,108862,216276,112820,103456,13913,8507,5406,96328,92642,167,3519,84492,23343,43911,3709,12236,1293,5344
"Anseong-si",215739,113407,102332,192155,98797,93358,23584,14610,8974,93907,86190,221,7496,86104,21789,55869,2738,4784,924,3984
"Gimpo-si",499536,257239,242297,466039,232191,233848,33497,25048,8449,199749,190489,170,9090,174514,13540,145123,5633,9283,935,17862
"Hwaseong-si",1004079,532995,471084,934208,484168,450040,69871,48827,21044,407751,388620,515,18616,360155,33817,298820,6002,19520,1996,32307
"Gwangju-si",402335,207712,194623,382599,194602,187997,19736,13110,6626,164139,158681,137,5321,146434,17063,62515,4542,61181,1133,4319
"Yangju-si",293000,149367,143633,280230,140393,139837,12770,8974,3796,119309,116280,217,2812,121024,10921,97497,3356,8296,954,3750
"Pocheon-si",157166,86341,70825,136613,71290,65323,20553,15051,5502,67134,62351,203,4580,58838,20967,22743,2727,11270,1131,6027
"Yeoju-si",117477,60416,57061,110630,56176,54454,6847,4240,2607,51149,49618,128,1403,47949,22014,18383,1553,5018,981,2370
"Yeoncheon-gun",40386,21430,18956,38571,20119,18452,1815,1311,504,18989,18486,43,460,17745,9038,5794,1157,1342,414,1042
"Gapyeong-gun",60384,30865,29519,58743,30149,28594,1641,716,925,28448,27941,47,460,29310,15553,6987,2174,3726,870,1447
"Yangpyeong-gun",121622,60847,60775,118949,59662,59287,2673,1185,1488,54780,54017,100,663,55403,34828,12389,1890,5351,945,2532
"Gangwon-State",1522881,768885,753996,1486301,748014,738287,36580,20871,15709,714657,702603,741,11313,684430,241638,395481,22094,13407,11810,19140
"Total for eups",245562,125722,119840,239085,121795,117290,6477,3927,2550,114052,112273,138,1641,114502,48793,51696,6518,4672,2823,3478
"Total for myeons",358543,187025,171518,345027,178569,166458,13516,8456,5060,173491,169315,309,3867,177710,118667,48420,3626,3309,3688,6851
"Total for dongs",918776,456138,462638,902189,447650,454539,16587,8488,8099,427114,421015,294,5805,392218,74178,295365,11950,5426,5299,8811
"Chuncheon-si",291783,143692,148091,285237,140272,144965,6546,3420,3126,131727,129466,108,2153,111033,27413,78900,1921,1426,1373,3029
"Wonju-si",365720,181358,184362,359364,177980,181384,6356,3378,2978,166762,164385,148,2229,151987,30374,117614,1176,1286,1537,3814
"Gangneung-si",212352,106007,106345,207560,103387,104173,4792,2620,2172,100918,98987,113,1818,92596,29928,56056,3289,1485,1838,2387
"Donghae-si",85673,43555,42118,84355,42788,41567,1318,767,551,40174,39776,28,370,42995,10297,29182,1636,1175,705,655
"Taebaek-si",37590,19009,18581,37022,18784,18238,568,225,343,18730,18551,20,159,21880,5766,13023,2521,162,408,404
"Sokcho-si",79758,39710,40048,77662,38395,39267,2096,1315,781,38720,38116,27,577,40833,8212,29589,1863,533,636,930
"Samcheok-si",62953,32798,30155,61781,32097,29684,1172,701,471,30644,30275,36,333,32000,13144,15716,1606,934,600,642
"Hongcheon-gun",65719,34252,31467,63748,32982,30766,1971,1270,701,31708,31062,47,599,32203,20074,9090,1549,788,702,1118
"Hoengseong-gun",45947,23881,22066,43790,22502,21288,2157,1379,778,21791,21229,46,516,22087,15881,4942,378,504,382,897
"Yeongwol-gun",35449,18357,17092,34735,17980,16755,714,377,337,18310,18107,18,185,18460,11622,4876,736,815,411,672
"Pyeongchang-gun",39016,20253,18763,37878,19678,18200,1138,575,563,19749,19383,23,343,23256,13174,6416,1981,1174,511,874
"Jeongseon-gun",32503,16848,15655,31683,16535,15148,820,313,507,16678,16473,29,176,17531,10217,5922,409,529,454,629
"Cheorwon-gun",40069,20866,19203,38551,19932,18619,1518,934,584,17805,17349,25,431,17310,9264,5482,983,1107,474,760
"Hwacheon-gun",22278,11914,10364,21714,11622,10092,564,292,272,10468,10287,12,169,9987,6002,3001,496,257,231,428
"Yanggu-gun",20443,10847,9596,19584,10229,9355,859,618,241,9218,8967,13,238,8418,4980,2645,348,174,271,343
"Inje-gun",31167,17225,13942,30074,16498,13576,1093,727,366,14363,14093,14,256,13623,7856,4417,547,357,446,520
"Goseong-gun",27774,14670,13104,25453,13048,12405,2321,1622,699,13447,12838,20,589,13479,9045,3535,153,368,378,520
"Yangyang-gun",26687,13643,13044,26110,13305,12805,577,338,239,13445,13259,14,172,14752,8389,5075,502,333,453,518
"Chungcheongbuk-do",1646328,847132,799196,1567979,797981,769998,78349,49151,29198,750756,726988,1004,22764,685622,211818,426830,15881,20988,10105,21350
"Total for eups",370907,195047,175860,348432,180553,167879,22475,14494,7981,166738,160108,262,6368,158460,41075,103061,5298,6774,2252,5931
"Total for myeons",335620,180290,155330,307511,160149,147362,28109,20141,7968,160284,153458,431,6395,163647,110121,43147,2949,5183,2247,8103
"Total for dongs",939801,471795,468006,912036,457279,454757,27765,14516,13249,423734,413422,311,10001,363515,60622,280622,7634,9031,5606,7316
"Chungju-si",215904,110806,105098,207505,105644,101861,8399,5162,3237,101149,98610,140,2399,96367,30400,56144,3058,5100,1665,2197
"Jecheon-si",130733,66079,64654,127181,64101,63080,3552,1978,1574,60751,59785,79,887,58435,21473,32676,1899,1011,1376,1404
"Chungju-si",873368,442396,430972,845926,427249,418677,27442,15147,12295,391377,381596,310,9471,331977,62375,254791,4642,6144,4025,9542
"Sangdang-gu",195499,97260,98239,193529,96416,97113,1970,844,1126,83558,82964,60,534,78040,16513,57400,1371,1813,943,1052
"Seowon-gu",190979,95333,95646,184773,92023,92750,6206,3310,2896,87401,84953,66,2382,74407,13082,58053,1078,1106,1088,1555
"Heungdeok-gu",291048,148337,142711,280156,142422,137734,10892,5915,4977,132593,128364,87,4142,107743,17857,85920,1026,2005,935,4635
"Cheongwon-gu",195842,101466,94376,187468,96388,91080,8374,5078,3296,87825,85315,97,2413,71787,14923,53418,1167,1220,1059,2300
"Boeun-gun",29858,15033,14825,28920,14520,14400,938,513,425,14686,14470,22,194,15955,11783,3257,324,294,297,653
"Okcheon-gun",47416,24179,23237,45821,23146,22675,1595,1033,562,22001,21622,33,346,22754,14231,6450,536,1112,425,835
"Yeongdong-gun",43730,22022,21708,42202,21128,21074,1528,894,634,21378,20939,48,391,21782,15245,4586,927,680,344,768
"Jincheon-gun",96544,52962,43582,84409,44713,39696,12135,8249,3886,42506,38826,111,3569,42768,11107,26315,1652,3230,464,1455
"Goesan-gun",37346,19734,17612,35496,18360,17136,1850,1374,476,18687,18293,29,365,17488,14882,1493,280,515,318,890
"Eumseong-gun",106652,60360,46292,88109,46918,41191,18543,13442,5101,47111,42537,191,4383,46590,16553,26024,1116,2313,584,2808
"Danyang-gun",26597,13604,12993,25960,13254,12706,637,350,287,13345,13172,19,154,14438,9644,3176,975,313,330,408
"Jeungpyeong-gun",38180,19957,18223,36450,18948,17502,1730,1009,721,17765,17138,22,605,17068,4125,11918,472,276,277,390
"Chungcheongnam-do",2238243,1159753,1078490,2099132,1075756,1023376,139111,83997,55114,1007652,964538,1422,41692,948183,306994,563832,23722,42213,11422,40710
"Total for eups",516544,268243,248301,487864,250815,237049,28680,17428,11252,234801,225880,330,8591,236296,66249,143398,9485,13600,3564,8786
"Total for myeons",686549,365867,320682,619890,321529,298361,66659,44338,22321,313419,295776,752,16891,314160,194909,102230,4917,8805,3299,12680
"Total for dongs",1035150,525643,509507,991378,503412,487966,43772,22231,21541,459432,442882,340,16210,397727,45836,318204,9320,19808,4559,19244
"Cheonan-si",694765,357934,336831,656509,335723,320786,38256,22211,16045,308073,294974,342,12757,261960,33157,206561,6158,13358,2726,17073
"Dongnam-gu",279621,142112,137509,263421,132316,131105,16200,9796,6404,123461,118114,168,5179,109148,19249,78313,3718,6450,1418,3598
"Sebuk-gu",415144,215822,199322,393088,203407,189681,22056,12415,9641,184612,176860,174,7578,152812,13908,128248,2440,6908,1308,13475
"Gongju-si",104393,51861,52532,100619,49773,50846,3774,2088,1686,48988,47903,91,994,47153,23625,20105,1299,1363,761,1612
"Boryeong-si",96182,50507,45675,89976,45721,44255,6206,4786,1420,44917,43802,72,1043,45940,22472,19861,1625,1100,882,1461
"Asan-si",392509,207898,184611,354666,185334,169332,37843,22564,15279,166639,153914,235,12490,153908,25676,119935,2110,5084,1103,5919
"Seosan-si",178586,94138,84448,170496,89424,81072,8090,4714,3376,81220,78442,78,2700,78420,23608,46994,2098,4858,862,2107
"Nonsan-si",114692,57454,57238,106293,53068,53225,8399,4386,4013,52656,50237,119,2300,48851,27483,17999,1303,1333,733,2357
"Gyeryong-si",45026,22445,22581,44667,22284,22383,359,161,198,18647,18551,14,82,20247,1503,17832,440,421,51,326
"Dangjin-si",177715,96629,81086,165784,88862,76922,11931,7767,4164,81475,77685,102,3688,75964,23094,45550,2323,4208,789,2274
"Geumsan-gun",53212,26383,26829,48850,24258,24592,4362,2125,2237,24958,23752,56,1150,24306,15970,6127,609,1190,410,1221
"Buyeo-gun",59930,29822,30108,57270,28376,28894,2660,1446,1214,28363,27807,52,504,29379,21983,4978,969,931,518,874
"Seocheon-gun",48575,24768,23807,45881,22702,23179,2694,2066,628,23408,22881,45,482,26166,18198,5128,1286,1091,463,788
"Cheongyang-gun",29818,15322,14496,28269,14476,13793,1549,846,703,14033,13709,30,294,14370,11517,1858,308,497,190,605
"Hongseong-gun",102178,51671,50507,97201,48448,48753,4977,3223,1754,46902,45485,67,1350,50225,19903,26585,853,2113,771,1586
"Yesan-gun",79848,40957,38891,74994,37724,37270,4854,3233,1621,37569,36320,73,1176,40720,20424,16029,1350,2373,544,1333
"Taean-gun",60814,31964,28850,57657,29583,28074,3157,2381,776,29804,29076,46,682,30574,18381,8290,991,2293,619,1174
"Jeonbuk-State",1758836,880640,878196,1701148,847868,853280,57688,32772,24916,805961,788621,817,16523,773649,275848,453955,17972,15070,10804,22167
"Total for eups",163748,83038,80710,155823,78488,77335,7925,4550,3375,73089,70990,123,1976,72065,29698,36742,3065,1417,1143,2535
"Total for myeons",340112,172611,167501,323397,162210,161187,16715,10401,6314,168616,165032,291,3293,178083,155444,16839,2108,1411,2281,8058
"Total for dongs",1254976,624991,629985,1221928,607170,614758,33048,17821,15227,564256,552599,403,11254,523501,90706,400374,12799,12242,7380,11574
"Jeonju-si",649634,319655,329979,636519,313424,323095,13115,6231,6884,288821,283796,181,4844,247815,39931,192984,4950,7001,2949,6111
"Wansan-gu",327406,159037,168369,321437,156307,165130,5969,2730,3239,148634,146418,87,2129,126758,19708,100802,2218,2528,1502,2589
"Deokjin-gu",322228,160618,161610,315082,157117,157965,7146,3501,3645,140187,137378,94,2715,121057,20223,92182,2732,4473,1447,3522
"Gunsan-si",265473,136654,128819,254196,129036,125160,11277,7618,3659,120987,117450,100,3437,123058,28612,86858,4348,1423,1817,2646
"Iksan-si",272392,136223,136169,264203,131954,132249,8189,4269,3920,124492,121801,128,2563,125274,33920,82960,2997,3397,2000,2807
"Jeongeup-si",101887,51275,50612,97303,48434,48869,4584,2841,1743,48381,47287,70,1024,48639,25703,21025,580,545,786,1766
"Namwon-si",73781,36127,37654,71886,35261,36625,1895,866,1029,35393,34859,34,500,36192,20558,14223,469,312,630,1160
"Gimje-si",79692,40450,39242,75708,37719,37989,3984,2731,1253,37598,36667,63,868,38654,23696,13213,1023,247,475,1519
"Wanju-gun",102877,53383,49494,97388,50083,47305,5489,3300,2189,46473,45051,78,1344,45680,19513,24888,336,528,415,1592
"Jinan-gun",22855,11624,11231,21976,11155,10821,879,469,410,11217,11014,13,190,11069,9257,1071,567,26,148,592
"Muju-gun",22904,11644,11260,21700,10955,10745,1204,689,515,11093,10864,23,206,11368,8952,1779,191,260,186,503
"Jangsu-gun",19838,9988,9850,19111,9612,9499,727,376,351,9651,9479,11,161,9617,8158,805,334,133,187,432
"Imsil-gun",24275,12240,12035,23590,11883,11707,685,357,328,12194,12027,15,152,12777,10416,1851,183,192,135,516
"Sunchang-gun",25494,12486,13008,24849,12186,12663,645,300,345,12146,11990,15,141,13195,10631,1907,325,159,173,438
"Gochang-gun",51371,25593,25778,48028,23880,24148,3343,1713,1630,24687,23951,62,674,25826,19438,4313,1300,384,391,1107
"Buan-gun",46363,23298,23065,44691,22286,22405,1672,1012,660,22828,22385,24,419,24485,17063,6078,369,463,512,978
"Jeollanam-do",1778338,908292,870046,1707402,859995,847407,70936,48297,22639,817003,799012,1198,16793,846848,398735,405169,18365,11414,13165,31265
"Total for eups",448631,229559,219072,424878,212580,212298,23753,16979,6774,199206,192677,399,6130,200823,83755,101098,7517,4620,3833,9728
"Total for myeons",559909,287051,272858,531596,266921,264675,28313,20130,8183,275254,269090,491,5673,296595,251215,38489,2296,1328,3267,11399
"Total for dongs",769798,391682,378116,750928,380494,370434,18870,11188,7682,342543,337245,308,4990,349430,63765,265582,8552,5466,6065,10138
"Mokpo-si",214701,108162,106539,208856,104400,104456,5845,3762,2083,98494,96786,116,1592,98315,20671,72257,1931,1823,1633,3466
"Yeosu-si",265859,137731,128128,257120,131253,125867,8739,6478,2261,118926,116709,127,2090,119392,37847,74960,2148,1779,2658,3085
"Suncheon-si",271376,135333,136043,267597,133460,134137,3779,1873,1906,118217,117060,85,1072,122915,31879,85810,1838,1546,1842,2092
"Naju-si",118018,59599,58419,111977,56020,55957,6041,3579,2462,53877,52573,95,1209,55715,24066,30206,461,501,481,3596
"Gwangyang-si",150390,79177,71213,147592,77674,69918,2798,1503,1295,65599,64822,55,722,73598,13628,55042,3054,882,992,1113
"Damyang-gun",43310,21592,21718,41610,20724,20886,1700,868,832,19673,19299,46,328,19876,16240,2504,369,409,354,980
"Gokseong-gun",25990,13025,12965,25232,12563,12669,758,462,296,13243,13048,24,171,13796,11569,1386,441,197,203,502
"Gurye-gun",22724,10988,11736,22421,10883,11538,303,105,198,11342,11253,14,75,12369,10186,1585,252,135,211,424
"Goheung-gun",58776,29445,29331,56191,27559,28632,2585,1886,699,30731,30127,42,562,35160,28185,4328,895,1295,457,1069
"Boseong-gun",36033,17534,18499,34343,16747,17596,1690,787,903,18224,17925,39,260,19657,16194,2592,548,115,208,685
"Hwasun-gun",59174,28939,30235,57775,28189,29586,1399,750,649,27221,26850,53,318,30167,15304,14178,299,76,310,978
"Jangheung-gun",33351,16379,16972,32189,15765,16424,1162,614,548,16684,16425,15,244,17923,13908,2815,727,156,317,681
"Gangjin-gun",31042,15223,15819,30211,14774,15437,831,449,382,15578,15375,28,175,17358,13738,2373,575,361,311,662
"Haenam-gun",62068,31608,30460,58754,29360,29394,3314,2248,1066,30084,29171,54,859,31304,24168,5889,486,212,549,1203
"Yeongam-gun",60323,34335,25988,49283,25650,23633,11040,8685,2355,28154,25057,91,3006,28331,15023,12027,620,358,303,1145
"Muan-gun",92913,47184,45729,89933,45324,44609,2980,1860,1120,40403,39706,67,630,38700,18246,19075,624,326,429,4550
"Hampyeong-gun",29009,14732,14277,27483,13771,13712,1526,961,565,14105,13804,39,262,14918,12940,1383,256,117,222,766
"Yeonggwang-gun",50012,25128,24884,48351,24038,24313,1661,1090,571,23428,22967,48,413,24074,14910,7371,1085,329,379,1099
"Jangseong-gun",40067,20459,19608,38387,19417,18970,1680,1042,638,18413,18036,35,342,19824,13780,5146,511,97,290,742
"Wando-gun",48182,26560,21622,42225,21391,20834,5957,5169,788,22593,21134,50,1409,22492,18104,2715,736,405,532,1127
"Jindo-gun",29448,15715,13733,26287,13119,13168,3161,2596,565,14328,13637,28,663,14256,12000,1417,409,206,224,555
"Sinan-gun",35572,19444,16128,33585,17914,15671,1987,1530,457,17686,17248,47,391,16708,16149,110,100,89,260,745
"Gyeongsangbuk-do",2578999,1315750,1263249,2477847,1252577,1225270,101152,63173,37979,1204317,1174597,1399,28321,1128786,445445,586353,31174,47006,18808,37496
"Total for eups",676653,349874,326779,643382,328249,315133,33271,21625,11646,305890,296348,365,9177,290199,95696,170295,7320,12336,4552,8351
"Total for myeons",546945,280357,266588,519625,260959,258666,27320,19398,7922,276464,270990,556,4918,292908,247056,31439,4911,5370,4132,15232
"Total for dongs",1355401,685519,669882,1314840,663369,651471,40561,22150,18411,621963,607259,478,14226,545679,102693,384619,18943,29300,10124,13913
"Pohang-si",493075,251998,241077,483350,245783,237567,9725,6215,3510,222087,219703,167,2217,213387,45425,143873,8627,11411,4051,3954
"Nam-gu",222544,117070,105474,217247,113382,103865,5297,3688,1609,102338,100981,89,1268,94285,23374,56927,4452,7567,1965,1981
"Buk-gu",270531,134928,135603,266103,132401,133702,4428,2527,1901,119749,118722,78,949,119102,22051,86946,4175,3844,2086,1973
"Gyeongju-si",258733,132153,126580,239224,119778,119446,19509,12375,7134,121937,115464,121,6352,113985,46430,55516,3567,6279,2193,4906
"Gimcheon-si",136187,68702,67485,131445,65695,65750,4742,3007,1735,62895,61623,105,1167,61944,26490,31943,1482,1077,952,2881
"Andong-si",153692,76360,77332,150667,74829,75838,3025,1531,1494,73759,72810,78,871,71894,31068,36666,1531,1311,1318,2413
"Gumi-si",407365,211605,195760,399248,207024,192224,8117,4581,3536,182945,180308,136,2501,159775,25030,120352,3712,8884,1797,3918
"Yeongju-si",99151,49626,49525,97256,48584,48672,1895,1042,853,46762,46210,61,491,43412,20898,17980,1814,1481,1239,1490
"Yeongcheon-si",99523,51803,47720,94308,48167,46141,5215,3636,1579,47715,46469,95,1151,46010,22624,20663,936,1154,633,2455
"Sangju-si",92458,45885,46573,89287,44260,45027,3171,1625,1546,44635,43835,81,719,44578,29483,12561,459,1287,788,1797
"Mungyeong-si",65505,32346,33159,63817,31426,32391,1688,920,768,31612,31172,57,383,30966,19542,7866,1326,1432,800,1180
"Gyeongsan-si",298529,151645,146884,276397,138345,138052,22132,13300,8832,137338,129430,131,7777,108277,22456,80551,1020,3252,998,2729
"Uiseong-gun",47094,23378,23716,45839,22637,23202,1255,741,514,24775,24419,44,312,26202,22503,2191,371,743,394,925
"Cheongsong-gun",23079,11577,11502,22376,11231,11145,703,346,357,12132,11965,14,153,12635,9916,1608,189,637,285,571
"Yeongyang-gun",15059,7493,7566,14472,7209,7263,587,284,303,7832,7698,13,121,8310,7036,485,205,477,107,236
"Yeongdeok-gun",32655,16101,16554,30937,14773,16164,1718,1328,390,17130,16834,20,276,18427,14565,1700,882,804,476,632
"Cheongdo-gun",39479,19262,20217,37799,18502,19297,1680,760,920,19636,19368,38,230,21998,18438,2245,362,652,301,923
"Goryeong-gun",30934,16357,14577,28168,14209,13959,2766,2148,618,14650,14069,32,549,14544,9018,4556,193,549,228,1068
"Seongju-gun",41068,21846,19222,38158,19622,18536,2910,2224,686,19727,19015,30,682,17727,14928,1786,312,346,355,1366
"Chilgok-gun",110043,58414,51629,104075,54308,49767,5968,4106,1862,50368,48695,89,1584,43943,14412,25292,631,2863,745,1778
"Yecheon-gun",53609,26414,27195,52655,25966,26689,954,448,506,25257,25009,19,229,27540,15984,10287,377,602,290,747
"Bonghwa-gun",27972,14123,13849,27111,13731,13380,861,392,469,14270,14081,26,163,15445,12150,1777,889,429,200,511
"Uljin-gun",45274,23835,21439,42983,21854,21129,2291,1981,310,22353,21992,33,328,24792,14716,6273,2090,1231,482,694
"Ulleung-gun",8515,4827,3688,8275,4644,3631,240,183,57,4502,4428,9,65,2995,2333,182,199,105,176,322
"Gyeongsangnam-do",3264243,1668211,1596032,3135724,1580102,1555622,128519,88109,40410,1452638,1415780,1387,35471,1341627,415279,844372,26702,37653,17621,52205
"Total for eups",482827,243683,239144,466080,233270,232810,16747,10413,6334,207806,202898,214,4694,199295,56118,129171,5078,5989,2939,6433
"Total for myeons",694035,359728,334307,650451,326523,323928,43584,33205,10379,326689,316926,622,9141,347067,228873,104631,4264,4436,4863,14361
"Total for dongs",2087381,1064800,1022581,2019193,1020309,998884,68188,44491,23697,918143,895956,551,21636,795265,130288,610570,17360,27228,9819,31411
"Jinju-si",346145,172465,173680,338144,167750,170394,8001,4715,3286,155489,153161,122,2206,133353,41497,85953,1281,2248,2374,4211
"Tongyeong-si",120204,62586,57618,113915,57304,56611,6289,5282,1007,55343,53934,69,1340,52363,18932,30042,1228,1200,961,1934
"Sacheon-si",109218,56670,52548,104385,52944,51441,4833,3726,1107,50563,49561,86,916,50692,20172,26973,1628,871,1048,1541
"Gimhae-si",549861,284047,265814,517313,261217,256096,32548,22830,9718,230166,220514,165,9487,202625,27207,160258,1954,11548,1658,7974
"Miryang-si",102535,50309,52226,96217,47531,48686,6318,2778,3540,49508,47882,73,1553,50576,28054,19244,1056,1292,930,1755
"Geoje-si",241284,131524,109760,225066,118446,106620,16218,13078,3140,104080,98902,86,5092,102832,22749,72335,3643,2661,1444,2706
"Yangsan-si",359628,181163,178465,349011,174194,174817,10617,6969,3648,155774,152501,110,3163,151059,14975,130830,1217,2944,1093,3592
"Changwon-si",1001043,509718,491325,978184,495408,482776,22859,14310,8549,438279,430824,289,7166,371597,74852,273910,9880,8883,4072,19561
"Uichang-gu",210801,107232,103569,206131,104525,101606,4670,2707,1963,91826,90150,53,1623,70478,18441,46316,2027,2808,886,3279
"Seongsan-gu",244140,126093,118047,238466,122362,116104,5674,3731,1943,103908,101990,73,1845,85546,7562,76899,536,55,494,7642
"Masanhappo-gu",178265,88847,89418,174904,86735,88169,3361,2112,1249,81117,80293,73,751,73212,20756,48493,1468,1255,1240,4516
"Masanhoewon-gu",178865,89288,89577,175434,87305,88129,3431,1983,1448,78764,77674,46,1044,67634,13768,48041,2594,2486,745,2289
"Jinhae-gu",188972,98258,90714,183249,94481,88768,5723,3777,1946,82664,80717,44,1903,74727,14325,54161,3255,2279,707,1835
"Uiryeong-gun",24609,12365,12244,23427,11575,11852,1182,790,392,12784,12507,29,248,13393,11158,1439,279,364,153,538
"Haman-gun",61675,33224,28451,56098,28618,27480,5577,4606,971,27821,26561,72,1188,27791,15270,10973,549,539,460,1328
"Changnyeong-gun",57766,29687,28079,53122,26492,26630,4644,3195,1449,28103,26927,73,1103,28216,19481,6122,844,1379,390,1349
"Goseong-gun",47664,24528,23136,45283,22756,22527,2381,1772,609,22962,22367,48,547,24547,17084,5505,477,1021,460,928
"Namhae-gun",39011,19474,19537,37641,18366,19275,1370,1108,262,19744,19482,29,233,23578,19912,2060,412,611,583,494
"Hadong-gun",38704,19240,19464,37618,18718,18900,1086,522,564,19658,19384,20,254,20817,16909,2747,416,375,370,806
"Sancheong-gun",32480,15918,16562,31220,15351,15869,1260,567,693,16506,16182,26,298,17764,15213,1700,299,177,375,892
"Hamyang-gun",35073,17180,17893,34255,16738,17517,818,442,376,17618,17420,30,168,19016,14682,3357,153,461,363,742
"Geochang-gun",58393,28895,29498,57129,28217,28912,1264,678,586,27798,27491,30,277,28024,17390,8972,582,572,508,1061
"Hapcheon-gun",38950,19218,19732,37696,18477,19219,1254,741,513,20442,20180,30,232,23384,19742,1952,804,507,379,793
"Jeju",674817,340720,334097,644306,322233,322073,30511,18487,12024,288635,279657,261,8717,262502,100568,82537,34932,38047,6418,20478
"Total for eups",155663,81082,74581,143791,72681,71110,11872,8401,3471,66930,64023,102,2805,68580,44685,5706,9935,6272,1982,3765
"Total for myeons",37598,19417,18181,35099,17761,17338,2499,1656,843,16737,16098,24,615,17815,13774,530,1773,1232,506,950
"Total for dongs",481556,240221,241335,465416,231791,233625,16140,8430,7710,204968,199536,135,5297,176107,42109,76301,23224,30543,3930,15763
"Jeju-si",493908,248483,245425,473553,236688,236865,20355,11795,8560,209684,203478,172,6034,184730,64481,62253,22807,30824,4365,16001
"Seogwipo-si",180909,92237,88672,170753,85545,85208,10156,6692,3464,78951,76179,89,2683,77772,36087,20284,12125,7223,2053,4477
